videoID,subjectID
6cf1f250,0
bc236028,0
af04f55f,0
ba750c21,0
37bf43cb,0
b9d562ba,0
f0847247,0
8e524249,0
4010697e,0
6ce20f44,0
201b36cc,0
01872882,0
741f6f86,0
d32330a1,0
a369262a,0
e07953a7,0
b016acc1,0
56d516fb,0
32038dd4,0
58129b40,0
96c7a3fe,0
0477d77d,0
fd75a3a4,0
60f369e1,0
6d2eade5,0
74bbb3da,0
95722903,0
70d7a265,0
0c3158a4,0
77c6d81e,0
b0dd1a97,0
e9e69655,0
3c35469e,0
09ba10c0,0
ed447475,0
445e7003,0
e7b86752,0
3d571ca9,0
6db4a60a,0
9cc6c111,0
432c8ba2,0
263c27e5,0
2c3aa92f,0
d3408eab,0
18004a57,0
dd77ad1f,0
3bbdee8b,0
68fafdce,0
e9840104,0
61ac92b2,0
f1f04288,0
e2d5cb6d,0
0036bf56,0
3af377ae,0
aeb4952e,0
82859246,0
41ce2f19,0
67393df4,0
89b65f99,0
c165f860,0
cfb2b2ce,0
b27723ce,0
2a15f34c,0
a3c4c32c,0
03103d0a,0
65786cda,0
16dcfc45,0
323a4922,0
1e7e9a83,0
dfb08fd7,0
706178da,0
f709f845,0
a63f9df0,0
721e5485,0
2d4d702b,0
923341d4,0
90656ed7,0
9801b622,0
cde9b6d5,0
c13ad0f7,0
888fa839,0
33376cdc,0
3d825a18,0
432b8b99,0
53860703,0
aaa86245,0
42e15607,0
da8c61a6,0
385756a8,0
74010e75,0
cf63e4ee,0
9525bbca,0
5c9791f5,0
0a918b73,0
2a5adc46,0
b7072637,0
071ab99a,0
691f4419,0
fc72cf8d,0
26ff20af,0
4eb4251c,0
0c0feba6,0
aec6814e,0
449433f8,0
74d9bf8b,0
286d17e8,0
0750ed01,0
6aea699c,0
c5b95473,0
cbf19027,0
4db2f934,0
079ae20d,0
7d3ee5bf,0
23c7deef,0
c002b84b,0
e6e0c355,0
da66c9cf,0
48d376db,0
68e1538d,0
c972b30e,0
45e6088c,0
c75bc850,0
b4269767,0
c753f4b8,0
7948c1ea,0
c822c24f,0
7b57eda1,0
19abd424,0
05755e27,0
9f32f8a7,0
6b0b47f3,0
ccec2212,0
43172ca6,0
08c7bd6b,0
ddec2282,0
e834e863,0
e4076ae8,0
a5db441b,0
f98ee0de,0
3e46937a,0
1a2687e4,0
8d52f2b8,0
b32bf736,0
ff8f3745,0
80ae3140,0
1d3e1da9,0
ba6bf354,0
84eff890,0
06592e8e,0
2821a632,0
7ceeffdd,0
5b0c3990,0
a4db2c06,0
45c4809a,0
73378ea8,0
94c524ca,0
531260a4,0
d147b15f,0
3dd4ad78,0
6f12f2d7,0
371c375d,0
e95ea383,0
f60604f9,0
aa0591c6,0
d95242b8,0
a39cc72e,0
adfcc00c,0
512ed135,0
50700951,0
28d785bc,0
77a099ba,0
2ccd1e62,0
e17bfc55,0
90eca2b3,0
93f83eb3,0
664fb501,0
fa96c4a2,0
b32c552e,0
e95fe2c9,0
7eb832f1,0
8a718a13,0
26687a10,0
b11931fb,0
7d7b5f48,0
6ba3de3e,0
d87ee45d,0
2be358b4,0
b394da65,0
bdd471f7,0
99377b24,0
d21ccb9e,0
b1a9d4d5,0
b3d05a2e,0
b9dc2f71,0
8da7b39f,0
7653bd6f,0
0440acfa,0
718edaf1,0
b248892a,0
c54d1af1,0
e9162e03,0
3b7c02aa,0
3cc5f740,0
dc1c7dfe,0
726c083d,0
fecec0d7,0
e7719fa1,0
618e964d,0
1891052a,0
1f316ab8,0
ab661cc1,0
7387a365,0
2cb082cc,0
2abf47a0,0
f016b9ab,0
57b3dedd,0
c2700000,0
1cc8ff8b,0
fecf9670,0
d33d95af,0
49ca1891,0
9be57823,0
57147aa9,0
ba217186,0
35ddc43d,0
8f5a6307,0
a08fdf38,0
bb1ed2ce,0
47b779e3,0
365c254a,0
ad2622dd,0
62530fbc,0
1c4bf61e,0
ff301544,0
2d59efc1,0
7309fd2a,0
0c97a66d,0
922caae3,0
a8d7bae1,0
33d3fdc4,0
de814772,0
f2233be2,0
69310148,0
0e088d74,0
79d3e081,0
c8dbb049,0
5f8392e3,0
16684e22,0
48573d84,0
24177d18,0
b0f14f0e,0
3a4fe1d9,0
8ebefb3d,0
9c35c07c,0
5c6ac08b,0
78ffc3dc,0
d9f9e945,0
45f57204,0
7120e56a,0
377bae87,0
0ab48015,0
fde4758a,0
453b1545,0
2ab0b1de,0
5f1e3741,0
b9710b00,0
8da20234,0
c4d3c45b,0
41258fda,0
bd787a02,0
710d58fd,0
c0564b78,0
967f2424,0
59f14c8c,0
03cd521a,0
0a1f07f8,0
31dd849a,0
95f16ab1,0
288374b0,0
cad07d9f,0
99ac6302,0
971b5ddf,0
aace6f5d,0
15575a11,0
a8b26961,0
605e6a64,0
399424cd,0
3c85f805,0
f9c615b9,0
8f30b091,0
248e5224,0
c0325794,0
9dff1673,0
8f92a595,0
d7dabd40,0
aed48d8d,0
f5297a1e,0
fc3dcb9d,0
7df33e8b,0
1b500e64,0
d656425a,0
50d7d697,0
59c29d5b,0
0572e5a0,0
7b52b2ff,0
5eadbf4f,0
cb1a81b8,0
e62c6dba,0
662b4c2f,0
7b8ab063,0
a4641384,0
a4cca554,0
b6c853c2,0
2c01e752,0
ec954223,0
09012d91,0
82b3afd9,0
a34de2e4,0
b9bf2807,0
272f4a54,0
9b892817,0
1f63da1d,0
5ec67ef9,0
63fee0c5,0
a6020a9f,0
3d7b6512,0
955ce0b9,0
389b4852,0
6fbe2d17,0
7fde10b2,0
4d1c9f35,0
ee55b0cd,0
8cb8bdf3,0
1ca3453d,0
26f4adfc,0
5c8391a0,0
4e272657,0
c8587425,0
9148678f,0
197bf08f,0
0c45d8a2,0
fbec3c89,0
f2d80474,0
6be7865f,0
d4589086,0
a9b8705a,0
ec084d6f,0
503f90c2,0
f54d295f,0
089e2356,0
4f8db614,0
8ac57913,0
3802c5c9,0
de43d7ea,0
447aebf6,0
a23b0ac8,0
96dcfb11,0
cd2fc2bf,0
312a4a21,0
dfc43e06,0
0125eb0f,0
2effeec5,0
b6b9248a,0
735996d6,0
61a83e4e,0
3c529908,0
3ff4f29d,0
a7a1fbc3,0
d931295c,0
1f55745d,0
f307beea,0
edcd3e07,0
a9334f50,0
7d0ae990,0
d617b9fc,0
0687fc4c,0
8492a3d4,0
cd646937,0
5c9fcd5a,0
891297f1,0
8692597e,0
5d0dca41,0
379bc37d,0
e6291290,0
f80c23ce,0
8691b6e3,0
84715ffa,0
d575279d,0
30e12aab,0
9e60c84c,0
0a3c6300,0
d16c6c97,0
e121102d,0
52fd5077,0
e25eecc7,0
e8d40792,0
75743596,0
d523af5e,0
617df50b,0
a408bd9c,0
749a6b4c,0
ee5780ab,0
00f16dab,0
407797a5,0
e6ef3a88,0
db2eebbe,0
0ecf0ddf,0
a60d2176,0
2a880af7,0
047323de,0
a19b041a,0
4c5137dd,0
93f7f450,0
57fd1ed2,0
10db717d,0
cb78b323,0
bbe7c08b,0
dbbee728,0
a931852d,0
3329eeda,0
1d626e59,0
13ed8de5,0
b4122524,0
588b657d,0
f87b5951,0
54ce13da,0
8ce9c9d9,0
135fbfa9,0
6b084e62,0
1975f5eb,0
5de563d0,0
394372bf,0
c0ef6451,0
76ba9de0,0
546cc974,0
4f555016,0
21baa5f6,0
77b861d8,0
d764f0f2,0
fec81a34,0
6028847c,0
0e1bd7af,0
ea26002b,0
535f117a,0
49a7b876,0
d898c8b9,0
2f7df6c5,0
d4bbcd02,0
64dff787,0
ce635b96,0
0423dd41,0
b19da1ed,0
d66af8cc,0
af2777c8,0
4c5c1fa3,0
30ef497d,0
3e30f005,0
495b24f6,0
16da00e6,0
3afb0bb4,0
aa8c9d34,0
52023244,0
c0b60e9a,0
3f5989b8,0
59941c41,0
7a696067,0
0a464720,0
530d4bcf,0
5099ffae,0
2c6b0b8c,0
5937a358,0
41967e90,0
bbf2c1dd,0
2fec5efe,0
090a62ab,0
11c5cb6d,0
d718abc9,0
25dbbba0,0
966752ef,0
fea6abcb,0
64d6bed3,0
7748f9b7,0
20075270,0
3e7ab043,0
867a9dcf,0
d6c52f36,0
41a734c8,0
ca1145bb,0
069a00d2,0
703f38f8,0
72883524,0
3a5efe6b,0
733fd925,0
7118c322,0
5e9ae2fb,0
61eea33c,0
981b8833,0
0812b37e,0
a5ba1efa,0
33779822,0
ccec3b46,0
2c400e30,0
16abd53a,0
24549426,0
0cdbf7e7,0
2a856780,0
2fd761ab,0
eef6b541,0
1df060c8,0
6f7fd939,0
15cc0812,0
0a146a46,0
828de316,0
ca2ef729,0
c13c1fa5,0
5ecd88a5,0
1cff7d29,0
3f79a6e4,0
866e689f,0
410ccdf0,0
47867386,0
40c3caab,0
1c6a1a69,0
837bb23a,0
1a84183a,0
12917b85,0
d2c7e173,0
761ba88e,0
748d287a,0
6c192f14,0
feae0df7,0
89a0904f,0
a0e2c950,0
e3dee369,0
9f321280,0
3da980a2,0
0be6090a,0
55ba78eb,0
a11d96d6,0
86014181,0
2e2dde7e,0
a92376a3,0
0e714f85,0
5bc96c2c,0
cf73f968,0
5fe7036d,0
5a411664,0
6b7d26f9,0
c37f98f6,0
23073671,0
8e660e8d,0
0cccf145,0
1f17f9e3,0
c9fd4a85,0
5892e147,0
61594ae4,0
dd96698b,0
2c00e54e,0
a512ef82,0
31df7f76,0
f0d9ad9f,0
0ff3f75e,0
8f3fd51d,0
922c87e7,0
03647a36,0
4f8c92e8,0
58fa3cd2,0
7b9a4ffc,0
d37674e2,0
c522b84d,0
0c34d31c,0
430f6fa7,0
b9872fd4,0
2c929151,0
1f02aa87,0
2b1bb719,0
fb01023e,0
61b019ff,0
3bdddd3a,0
470511ab,0
28f2f175,0
c1886c69,0
71f8ed79,0
91002a66,0
f87d8a6d,0
618c1bd4,0
da9252fa,0
eeb26aa1,0
9d65e5d2,0
726c0e01,0
71f4e327,0
7b15dcbb,0
dbf241ab,0
eea1628a,0
e9aabc79,0
f8901284,0
82b47e18,0
efd98eb2,0
7bb7a796,0
28e109c4,0
a0e29bc0,0
0c2864f8,0
cc23b164,0
9e4f32f0,0
cba9289a,0
5d86bd52,0
29bd69e1,0
6fb8bdb3,0
24067afc,0
ab4c51a6,0
7b2425a4,0
39238dc8,0
6b5b638f,0
cf89643c,0
3bff85c7,0
3c4e69ec,0
f43c9f04,0
9adbe38e,0
db362d44,0
5cb283a4,0
02522c95,0
7aa2a542,0
18839bfc,0
aa31cd18,0
259b8a37,0
e47ec00a,0
4ea3cbaf,0
9dfdfcb0,0
9f11a1e3,0
a9d2a80b,0
562985ad,0
4f487f08,0
533b2f95,0
4f355cde,0
37754018,0
ff766217,0
d65ab4a7,0
1a394985,0
e80e3fb1,0
2200c77d,0
fc420e8d,0
1b96d057,0
15845069,0
57d2d93a,0
1cb9c906,0
bd2e23c8,0
74efd740,0
c7cd0108,0
2d5f51ef,0
4f5a882c,0
e94f52eb,0
07bac5af,0
6708bd18,0
fac45a00,0
ffc39ae6,0
9698a62a,0
d7713139,0
baf2da25,0
93427ca8,0
fd1b36b6,0
69dacf25,0
21d3e5f8,0
9408c235,0
b3591b81,0
28f8b5d4,0
51bd18c1,0
0de5b8f8,0
2f7c67b2,0
9a465b56,0
5c97233d,0
ba4af5f7,0
67bc5d5b,0
a80df553,0
482410ba,0
ec81d079,0
63318528,0
a1d5e08c,0
b8135e3a,0
67486664,0
16124622,0
f15bc1ee,0
586d998b,0
752491a8,0
2ff17a9f,0
f5f1a50d,0
3f9113ed,0
22690c8a,0
61406a2b,0
203a7475,0
f80ca205,0
6494389a,0
2707d304,0
b94d6065,0
e86dba65,0
43e85f97,0
82ad58f1,0
76747f74,0
0567e01e,0
aecbb1b1,0
922eb883,0
34c00f18,0
a911f147,0
bb3d21d9,0
e6105807,0
6f6fe9cd,0
6ff34ea4,0
11cec5bd,0
d297ec12,0
c49d8fc7,0
186b3cdb,0
86380e78,0
e88f10f9,0
dfc43a93,0
dfa65adb,0
a6bff233,0
444a60bd,0
d5fc6913,0
8e624ef0,0
f94bb974,0
7ce261ee,0
8be9b15e,0
1dea0fe7,0
d4ebc753,0
8a907e3f,0
b677dad3,0
a8dfeed8,0
28041313,0
24621fdf,0
1cbb2c1c,0
f98692a2,0
a4b11f23,0
ed40d63b,0
aef8c1e9,0
13baf1b9,0
32552c08,0
a6f537fd,0
fc938e78,0
0e518d6a,0
53b2924d,0
72397903,0
5675712a,0
e06c08bf,0
b788def2,0
f662ec9b,0
8f5867c7,0
9af6a991,0
4bdf959a,0
112c1ff0,0
28be7cd1,0
d7494d1b,0
8ee4362b,0
f0987ab9,0
04f7a546,0
ec29eba6,0
f410bf92,0
4eac5c67,0
ce251748,0
1ff5f955,0
e43faf11,0
60c535bd,0
5a21d1f9,0
bbba9516,0
b33b5e71,0
b75792bb,0
a0519ace,0
3346b4dd,0
af2ec8c5,0
fe360dbc,0
ead1b4e7,0
8bd046a2,0
4e0d376d,0
a638bbb0,0
21ffba83,0
24df616f,0
fc790bdd,0
51ea921e,0
aeb3fa75,0
74bf4f99,0
e860e755,0
c383c831,0
d37946ff,0
3200335a,0
0135835d,0
a90bdf22,0
672e9578,0
53e3e094,0
7a50c59d,0
63592367,0
0823ee6a,0
9138d372,0
91b1a3de,0
d8b0aa60,0
f00fbe89,0
6416214a,0
a8a729b5,0
3c4f8d37,0
fa9063c2,0
35d625ad,0
8b0ad36c,0
a77c35cf,0
32fe2520,0
989c9deb,0
2cc8135d,0
bd5f4c16,0
8db4dada,0
4e3f2673,0
3de37618,0
3aba9bc0,0
2b5a695c,0
23580c33,0
269250df,0
5e6271cf,0
bc8ed990,0
cee316b7,0
76677015,0
93ee75a2,0
4e01e479,0
48ab455b,0
022c7d7b,0
838f1c9a,0
80f4f9b7,0
05a109a6,0
101de14a,0
996a741e,0
1ac82823,0
844720d6,0
856e9dd4,0
33ce6169,0
e031f3c2,0
45243623,0
b84964a2,0
365ba800,0
c0bba1f3,0
38fdbae8,0
0fe24a55,0
e1f96172,0
0fd166ea,0
32768264,0
752a4890,0
e85be1d4,0
b31dc2c3,0
76b3234c,0
ae36daff,0
b6350fd9,0
bc24eddb,0
8d184d08,0
a075c1be,0
268d7105,0
7e6f2f0d,0
1b4c92b9,0
41bc7334,0
c2e0da4d,0
df4b112a,0
865162cc,0
1e131c61,0
5561f9e2,0
d175b836,0
5f161d87,0
2193f345,0
6e7fc5a8,0
9ef72e52,0
ef0a92e4,0
cb828bdb,0
107dc19f,0
f1d72533,0
f20f94c6,0
71c9206e,0
a4159d08,0
fb7d8fb7,0
b467b38b,0
ffae550e,0
fa4f62bb,0
2fae3723,0
762326c9,0
8101487e,0
c969455c,0
5fabce46,0
f915d092,0
ac06a99e,0
7046606d,0
1c3ed27e,0
1fa1624d,0
a40c25f3,0
40dc8e10,0
a8a34d77,0
a257adcb,0
3bf3bc9b,0
32499c58,0
ed0a9a72,0
fe0b7415,0
20f6dc59,0
71a5c077,0
ae9cc13b,0
1d79c7d1,0
aeea0151,0
92f38bfa,0
3adaaaba,0
c38ea2e4,0
8e29e104,0
8f22b791,0
7faea520,0
264f127d,0
c9b2bb55,0
b255270b,0
284713e1,0
256bb115,0
c0c93070,0
a88aef88,0
07d109c7,0
7f458be6,0
7cac6154,0
838730b7,0
a407c444,0
ce9e39ab,0
d639f7d2,0
80f51871,0
feb3c8dc,0
7cfa193e,0
5e787cbf,0
65cb82ca,0
a2145ce0,0
f24dc028,0
5a22c19a,0
c155e388,0
c61ed947,0
fcd38e8e,0
ff7a1f58,0
2b5ed95f,0
8cced3ee,0
a13ce269,0
8e7df099,0
eaba8360,0
e36344fa,0
d6fb3215,0
dd06591c,0
104f3172,0
acdebae2,0
e45fd374,0
83c92890,0
9c1d0bb9,0
6956b386,0
7d124b37,0
93346548,0
3dbf0de2,0
e530a0d8,0
7943df25,0
8e06f8d1,0
99629595,0
4f8e0a74,0
fe3023b0,0
35f7cf82,0
db8d2d18,0
f2edf062,0
3f0a4fbf,0
e70fb6ac,0
f1e99fd3,0
73ada6c8,0
87be518f,0
7faeef3e,0
844cbbf0,0
ffeb19e6,0
784b49fc,0
ee2e867b,0
ffb15797,0
cdd19ca7,0
5d067433,0
5c7ca27a,0
a5ab1cc7,0
12099f29,0
f561172d,0
9bf0d45e,0
1526e0e2,0
668d56e8,0
47b55e22,0
5cf21c24,0
407bb122,0
908e9522,0
eccefe30,0
6bc3c06c,0
4803f064,0
d7022b36,0
ebeac54f,0
7524391e,0
95e9de04,0
1957f9d2,0
f742e08f,0
be273019,0
428ad175,0
b8eb9cf7,0
f7700fa1,0
7bb90d0e,0
a8c7603d,0
ce49999a,0
3acb47f0,0
4758b34d,0
c13edd47,0
09385cdf,0
f5894a37,0
00d4ad32,0
9d7a0a9c,0
26808dbe,0
131b4a22,0
5a5b0063,0
eb0adcef,0
9e966eba,0
f0917198,0
e87f4c14,0
c2ca1fc0,0
dcde0b6a,0
73d0464b,0
be1282c9,0
d9f83465,0
19be220a,0
581e64af,0
905c7f50,0
4f26492c,0
38b19945,0
04f7dfbb,0
e066178f,0
abc94277,0
d4a53d0a,0
870e4876,0
38752ea7,0
da78ced1,0
d35e653b,0
2e7edbc1,0
56618c55,0
9b9cfa53,0
b3f66808,0
7796f1df,0
e3004919,0
6d304f08,0
6c4d6992,0
da1a98eb,0
d0bf2d6c,0
00bb96cc,0
f5cf07a2,0
710b9467,0
e0f2098a,0
b1da31f8,0
27d0fc45,0
bb69761a,0
d07bbdcd,0
9a8852c3,0
c6aeef66,0
7c0fac45,0
5f37b89d,0
66b0bc91,0
8296248a,0
615c0ef6,0
e3301143,0
7bcd2e12,0
e1cbbec6,0
6af2252c,0
60a80b28,0
cbaff543,0
50e3d744,0
e04032e3,0
71777b1c,0
082fd4a4,0
57c90714,0
d6f3b336,0
1d4cc7ad,0
a71024b8,0
977ee083,0
6506c84a,0
c44fa128,0
b62cee0e,0
66dfc84c,0
ce31ecfd,0
444b67d0,0
6f6d43f2,0
3408dd71,0
0285f19a,0
b1d666ca,0
6449e631,0
64436738,0
cc8687dd,0
f5d92d4d,0
a867507d,0
598aa8e5,0
73511a37,0
e1368ec9,0
7ae05998,0
582dd6fe,0
f90e16ff,0
55660c75,0
f0ac015c,0
dae75340,0
b7796af6,0
fcba419f,0
0f659794,0
f3005681,0
224e4aaf,0
f9f79263,0
e995a362,0
9c8b3d8f,0
69257a8d,0
bc3a381f,0
e460da13,0
e388e4c5,0
611b05e9,0
34f438cf,0
4ac68615,0
7d871675,0
221592ee,0
d28416ed,0
efbb14af,0
af8ffdf3,0
9ab4934e,0
5e40cb8f,0
523473ea,0
082529aa,0
d50cdcf4,0
9761ba50,0
b7fbbcc6,0
f39fe11d,0
de4d4cab,0
2774342e,0
39053db1,0
0b80b285,0
e4856197,0
dfe3026f,0
0cc9092c,0
dd55c497,0
edc7ec7e,0
b8ac13b0,0
e04e09a9,0
f8e471b5,0
30f38614,0
38df9ca7,0
fafbd507,0
25e1ff22,0
11db27a0,0
6c8be201,0
abaeaa6d,0
c68b0a19,0
392b9a36,0
1acd69cb,0
84d18982,0
3e57e549,0
91d46dda,0
f117736f,0
a32b8902,0
d3a3d5eb,0
445979d7,0
352a1435,0
570d957d,0
54b18675,0
cc3434a5,0
312ad088,0
49d3554d,0
93179e35,0
03a6087e,0
a6a77ef3,0
27a06dd0,0
c9e92675,0
f312bdb8,0
2b46ac15,0
c1a48819,0
a30484fa,0
4d769e0c,0
b2bf2f46,0
63105a0f,0
ea14f107,0
2e25d26b,0
4d6d09b1,0
5e3f3390,0
b5a29c35,0
5392ea23,0
aa0c8533,0
dba8e3de,0
864f6d15,0
f1d6422f,0
4b7cd868,0
0b5f5bdc,0
de1db5b9,0
1cd0e69d,0
4e9e166f,0
90772977,0
0ea6eb5e,0
5ab2f86d,0
0d565f46,0
0e1edffb,0
8c904794,0
eca5bd33,0
8c43da23,0
d4685e0d,0
4d4dbfa6,0
887310ca,0
2660819d,0
f675f95c,0
85e37dd6,0
5fa1b7cb,0
3e4ea8ae,0
e5150e11,0
335b94ea,0
1cb3d7e7,0
da6878b9,0
f3a27e68,0
cb1335ba,0
25b8dc4a,0
fcc2a423,0
6b9f089a,0
c2969144,0
d6877b6c,0
0211f75c,0
092edb00,0
e6382b47,0
d7bb5502,0
06ade226,0
a58deba0,0
b7a0ea55,0
1b45eb82,0
0e294dc1,0
561b7661,0
93d9d108,0
c499bba1,0
feaaa6cc,0
f75eadf0,0
1cab14b4,0
7c33b581,0
82468f5d,0
f8c4ac88,0
fe1ed78d,0
2b3cee82,0
d5bd43b9,0
23329327,0
442801c7,0
9131a958,0
0d7f11d4,0
dde8ac20,0
a13101b0,0
f5d52d62,0
8f8b51b6,0
c07daf0b,0
0a9e638b,0
36c73f38,0
c14036d8,0
aa962a2f,0
fb1f599c,0
0767f611,0
f6578563,0
e8613074,0
2c6af27a,0
20d295f0,0
3c2fbf4e,0
7d9132e4,0
4e7421b5,0
ce1a0da9,0
538b764b,0
303899a6,0
444aded8,0
ca95b666,0
a86490cd,0
9e62eaad,0
40676065,0
8ff93a9d,0
7051869d,0
fd3a36ce,0
13096037,0
e65eb37f,0
2d704d95,0
c15b9580,0
f28c03e6,0
675af475,0
67c43f17,0
73f944f4,0
a4978073,0
ab634b2a,0
383ef034,0
7089b9fc,0
32c0d534,0
0ed0bb09,0
b3a12600,0
a97d2526,0
05ae7e1b,0
3700a281,0
5b73fdb0,0
08d86a1c,0
71c0f526,0
3c5913ca,0
152746b9,0
302f06dd,0
777f6401,0
5cc9bfe9,0
7893903b,0
6c23e742,0
c5ef5c40,0
e9d31e79,0
f06beceb,0
c4e70f43,0
8cf7896e,0
aa2fb8bf,0
fed01593,0
bfd4c4be,0
0b9299f4,0
219a24ef,0
85fb1190,0
11a01e44,0
0e7af60e,0
2556beca,0
36942922,0
4dbdbe1e,0
266354c2,0
e1796017,0
bcb0f786,0
74cb86ec,0
4982fa31,0
3571cb96,0
7043f399,0
c8c784a1,0
85e84fc9,0
faad0f66,0
0e29d3ed,0
fb08f866,0
b82122f4,0
2c199cf3,0
48c461a7,0
10796cd5,0
1216712c,0
67637df1,0
8fb9168d,0
9ab490b7,0
82041ad4,0
2c557872,0
a5042ab5,0
a9ffe70b,0
b49658f1,0
80737a05,0
fd3f20cb,0
7867834f,0
bc383bf7,0
684e228b,0
a0d57e04,0
ee6d3a1f,0
272c1f62,0
daa62cf2,0
1cc1a933,0
9c9a8c2a,0
8536ed01,0
a2f1396d,0
d24130aa,0
d0545b49,0
520510ba,0
ed7754d1,0
6a7f02a7,0
5d4d2545,0
af5815b0,0
3c0297ca,0
19e9a331,0
8e631a10,0
c791f796,0
ca6a066f,0
3c4bfcdb,0
86b1f8fa,0
cf31b7c6,0
b4fdb4e6,0
cc73613d,0
672b0caf,0
fe639531,0
6214bba3,0
3e41d51c,0
83369550,0
44287e1c,0
0a65bf4a,0
f90c60bc,0
f5d23a8b,0
884a8ff5,0
9100dd80,0
b27c6869,0
c1b13c22,0
2e58eb55,0
91459939,0
480d38ee,0
bfa6db4c,0
45cb7341,0
8f5e1b20,0
1465a100,0
ac217762,0
5eb2be8a,0
c70ef446,0
f920ce38,0
6899eb7d,0
b21d0682,0
6bb94a25,0
ddae12aa,0
0bd0fbcd,0
907c5276,0
f7106542,0
8b1b14ab,0
87093323,0
ad97006d,0
f230448e,0
2a88dd29,0
2b9e0511,0
9dc4e3ef,0
0bbfc016,0
ce48a4b9,0
8dd72d7f,0
6208fdbb,0
eb4b4d4d,0
bef99e66,0
033907e7,0
048f52d4,0
de0c0337,0
758ed5d3,0
0aaac0e4,0
aa06ce20,0
a763a222,0
84b4993e,0
facb4425,0
75322681,0
88d3e935,0
f4cdeec1,0
386ba712,0
4fee998e,0
013f8f65,0
5462a793,0
8044bad8,0
b9c2f425,0
83abb53b,0
d419c631,0
994d7516,0
514c7b84,0
b8af0e1c,0
5ed8941e,0
122d7134,0
f705c2a9,0
c4180039,0
4413d538,0
2cc981dd,0
c54f6133,0
d0b32027,0
a3d3cea0,0
ba9038fa,0
21362935,0
2a3eb750,0
39239e29,0
d3af90e3,0
d52c34b2,0
9033296f,0
cdfbd3a0,0
02bd18fa,0
0612966e,0
a97725bd,0
5ae3e62d,0
55fe3b0a,0
79d36152,0
542ad9b6,0
6a60244d,0
5c145264,0
8953eb27,0
f68fd116,0
a2ba210b,0
e3130934,0
87cd3dba,0
ebede372,0
f3c7c047,0
69057fcf,0
4b9883ee,0
e9ebbe71,0
2e475c0a,0
9317f70b,0
b5467053,0
a4f2a8a6,0
d0f8632a,0
fc90abdf,0
44f63ae2,0
a8648014,0
ac4fe3e4,0
801c796a,0
e73a1596,0
d4f0ca1e,0
8bd0d843,0
569fbe10,0
84032fcd,0
4a8367b9,0
b083ec5d,0
93661499,0
7c5869e0,0
0864c937,0
a83b06db,0
0613fc01,0
c96c9e56,0
e5179bbf,0
e391abce,0
7eb48397,0
530b3891,0
094fc56e,0
8b0def3f,0
457f0e7f,0
7eda08af,0
8c7581e1,0
d3422cd5,0
29645b67,0
f28f7145,0
dd6641a1,0
2d47a2ed,0
b3ad0848,0
2a884f1e,0
d3fbd351,0
243b37bb,0
9279e2cd,0
ef908f30,0
d45eb9ac,0
29930d95,0
51264334,0
2d9d949e,0
a7f54288,0
a7f74ed3,0
ef115de5,0
e2821c64,0
9705e7c7,0
d24d3f54,0
3c5a982b,0
cbfb2a13,0
b86bdaae,0
23316782,0
8983df34,0
f029854f,0
772e4ae2,0
85c8a77b,0
62a568d3,0
00895adb,0
d4170595,0
086bcc06,0
bf9fdd55,0
9018bdbd,0
ee3f0b6f,0
a1ec788a,0
687c04c2,0
1c504b33,0
9ad0c21e,0
5713bca3,0
8f32ee11,0
f638ea20,0
a62b075a,0
cd7d0cdd,0
0006610f,0
824756d0,0
8d8dead7,0
cb301629,0
ac34358e,0
23b29b13,0
d6fd96ca,0
edc0acd0,0
fb4b22dd,0
e7d6db55,0
b0bca743,0
78376aa5,0
be973624,0
fdefe82c,0
4415de73,0
54c0d63b,0
1b1f5b30,0
c9e87de4,0
42edcb34,0
a2a09d9c,0
3c8da816,0
d133bf05,0
f6772306,0
21cd109e,0
5ee6eddb,0
b632ae91,0
f5d0fab4,0
15aacc4d,0
84e2556e,0
2447b245,0
49da4652,0
ad76dee1,0
423678e5,0
64828fe8,0
a84efe73,0
ae755167,0
f991bb65,0
f1eba5d2,0
2b217ba4,0
a8c32bd2,0
b315e6c9,0
883046fa,0
fc5599cb,0
581a5757,0
c47216f8,0
c37ac4f5,0
ee48a222,0
c8e29463,0
10470d75,0
f5f4e1a1,0
6e7b71ea,0
30c2a46b,0
9ab61d3c,0
da9c537a,0
087b3929,0
2663b77f,0
5af7e20b,0
1f73321a,0
231edfc1,0
18007778,0
7e526ed2,0
89c32afa,0
7e75a52f,0
9d9be70c,0
cd8f0fd1,0
e188a59a,0
f3276b68,0
08519a09,0
ed34659f,0
0155012b,0
d5cb89bb,0
34cb3364,0
6e4bc678,0
75697ae6,0
c7e276ea,0
ef36d5de,0
1338bce6,0
de7ef239,0
23dc0c04,0
afee7738,0
b2e027a3,0
3e3c3ef8,0
6ef916e5,0
77ba0e26,0
ea3c5e5b,0
410e9cb5,0
f82261ab,0
8f8bbf90,0
e7621748,0
d80ad8e7,0
f3ea4812,0
553f577f,0
9b1dc3b1,0
e9b52f0e,0
4af86d3c,0
fcdb8e5e,0
ccf59e7f,0
4afe8f33,0
57357cbf,0
396ba4b3,0
2ea48e30,0
f789bb82,0
244dbed7,0
d3ec1673,0
eeb61bab,0
76d47b1a,0
ea234097,0
29215e68,0
b9716761,0
7302578f,0
a7bf098d,0
30d40817,0
dbdfd2e1,0
c289e654,0
0b797494,0
9468b0d7,0
28e2ea93,0
14b848c2,0
c5182af5,0
6c7102d6,0
29e19e86,0
f4e3a83b,0
83406bad,0
8f8a788e,0
5d912e63,0
b478da43,0
746f00f3,0
821499d7,0
d96d5b68,0
75f1df10,0
37d3e24e,0
91153f3f,0
9c289930,0
8cf7ba69,0
634eeb9d,0
c2b6fe9d,0
3f357790,0
412a216c,0
2c7f01f2,0
36cb5bad,0
00f0e057,0
8692e3f3,0
c6a0d117,0
37f64988,0
fbdf51ad,0
19914a31,0
1d1013fe,0
5fe71fc7,0
2319f0c2,0
89bb78c2,0
5729e4de,0
75c08088,0
f099468a,0
e229f089,0
9f23ade3,0
51ca30ce,0
54a7fb71,0
9cf35f1f,0
9fe6eaf3,0
6e5b15d2,0
72ca3065,0
22f5c84a,0
9beca81e,0
29761167,0
2954a5f8,0
860d3f5a,0
6d6fec63,0
16810fcb,0
b131737f,0
5124436f,0
34e2682c,0
e06b666c,0
194ec1e3,0
b1ac0d86,0
dd608a2b,0
2dc86418,0
26baadfa,0
5dfd3ca3,0
6aec5b98,0
e431bb5d,0
69c95b25,0
7b0b2cbc,0
b801d5b8,0
b62c7586,0
5319dfc7,0
68b1e8be,0
706e46b8,0
f93f5654,0
18db3150,0
15e62b9c,0
447c92b0,0
3e0efe3d,0
853acc12,0
5c3219b1,0
951e6d3e,0
9aa9f708,0
cf906d75,0
e4812536,0
2854d3bf,0
22561ea4,0
44817e1c,0
c13a0604,0
5fb36f00,0
e3d8ee56,0
82783029,0
1b60b046,0
33f74409,0
e8a6db3c,0
c3dd1d22,0
a9c913ef,0
a7b8840a,0
3ccffed1,0
6206f091,0
57462500,0
970dc426,0
c8b8ece8,0
9d0a43b5,0
f5a111ed,0
06b5f957,0
67dd97c8,0
a0d823dd,0
212b9b28,0
fcee8021,0
760b8df0,0
8edc4f89,0
435c8346,0
4ca8b270,0
c398c0c4,0
65d00e9f,0
a8bbe371,0
2acefce4,0
115c1de5,0
7afe5711,0
bb016a24,0
3092934c,0
c0b609d8,0
cd2b9b73,0
00d587ad,0
44cbe45b,0
be9f6fd1,0
fa8bb8aa,0
16397e31,0
7060ac59,0
533e62fc,0
ed96e9c0,0
22c0f98a,0
3b33338a,0
be2a8996,0
1b58690a,0
faa705f6,0
82adc577,0
1b06a5e8,0
02559d71,0
7c2055ae,0
c59e8d51,0
a32079bd,0
689c3525,0
c072796e,0
925080f4,0
f051edc0,0
cbc585df,0
7ccf80db,0
64b50db9,0
0b1b0aa1,0
4e17d1dc,0
8252bd26,0
f517085a,0
8549a5da,0
ff4ff136,0
4313f465,0
dde3c4db,0
000e3f26,0
a90e484a,0
cb42d80e,0
c2c3734d,0
5237f40e,0
569d22bc,0
5f23f871,0
fdfd4cf5,0
0786a89d,0
f53f7ded,0
db15d27a,0
55d84b0a,0
a498d51e,0
65334533,0
6dc6e644,0
3cab9c6b,0
7b0a0411,0
4a877b17,0
5e895b62,0
5e2d9290,0
4c68d490,0
d9e7d234,0
797430cf,0
de888ea9,0
24a8809c,0
51209b07,0
24736851,0
1de4494f,0
38d52c20,0
3845e5a5,0
b6efb1d3,0
0d3a27bd,0
bb642859,0
f4616a2a,0
3b7b5c26,0
39dff252,0
cb19a816,0
bcb855d2,0
f16625db,0
700e6e55,0
a1a67c87,0
5f5688e4,0
3a22d1db,0
5549eae5,0
5b6d2d73,0
84d2c9e8,0
d26a72d0,0
e88cfa56,0
5775a73c,0
452e98d6,0
9e32224b,0
30f737b5,0
9330e39c,0
0c010ab8,0
3e9107c4,0
1d314ce6,0
5af0b3a9,0
1b410dbb,0
f114ed78,0
9c9429f1,0
419a135e,0
3b84b959,0
f81dd82a,0
a1b62719,0
c9d4e99e,0
1ddd44dd,0
764593c7,0
1f7e06d8,0
0e8bf5d4,0
c49c922f,0
80733d16,0
7b53eae4,0
09e132db,0
1149ecbf,0
82e001f2,0
e7580bd8,0
adf2d560,0
a698d89b,0
62d2478a,0
caf5e784,0
8fde583e,0
29ec21c4,0
6feabd23,0
55f8ddbf,0
c274ca98,0
cea3cc02,0
1c35d490,0
7666a517,0
1d0ff19c,0
4788844b,0
c4e4379e,0
28d0dd75,0
9b618b61,0
9fc31482,0
5f130e5e,0
1bc0b9fc,0
f9e11d7f,0
8dc3d402,0
01d0ae54,0
de08c942,0
bb46a0d9,0
9a830041,0
c263781f,0
4c9bf239,0
117848df,0
02cbf609,0
033aad1a,0
43a6d054,0
3c22921f,0
d45b2f52,0
b8b01747,0
e05cc2a3,0
20b12c61,0
8b7298e0,0
394f0cbf,0
b4625247,0
c90d229b,0
1eb06f03,0
1a16a16c,0
21cbbc90,0
89b80388,0
233ff4b9,0
749b42e4,0
f6f0e82f,0
febf40ae,0
e6822e89,0
9a7bfeef,0
61e6373e,0
0ec1f438,0
ef55e7d3,0
c98a39c0,0
3815e9a7,0
d77bb1c1,0
d142da3d,0
2b2dd9bd,0
700021e1,0
36c33642,0
e3e686af,0
16f4ba96,0
de10f655,0
e4245732,0
90f580b4,0
a8d03107,0
7ec4b6be,0
5c77f02b,0
a44cade5,0
63f98ed3,0
95be2454,0
e0b1667c,0
e90fcccc,0
74439b0e,0
11e6dff9,0
249587c0,0
f0955cb5,0
af53d48d,0
77c2824b,0
78e3214d,0
724a6531,0
0d563955,0
a8fb83ca,0
d16f3f43,0
77569cf6,0
182146da,0
36a4b58d,0
0dcca1ce,0
6250afee,0
90dab726,0
fdbc52d5,0
0a5caf75,0
dc49a7f0,0
927a6fb0,0
6a059423,0
7ff9a09f,0
425e1953,0
3a3c6ada,0
92974783,0
22f42177,0
6daf17ec,0
91e4b501,0
a9f990ab,0
13fb8f60,0
3735e726,0
a425373e,0
023d00fb,0
07d42bec,0
61ed7464,0
02356c31,0
2f83014e,0
71611a32,0
67c2c53b,0
85a31bae,0
b29313bf,0
c009472d,0
b1b7b6b2,0
9704f276,0
e55adc47,0
7cf612b1,0
d6f46ea5,0
808b5bc8,0
8c141ce1,0
ba8af8ef,0
c88cde6b,0
5742dea2,0
6e0f3784,0
e603e64c,0
2ef205f6,0
b31c6c02,0
f752eabb,0
2aea7954,0
2fa051df,0
06bd0f4c,0
011e3301,0
6678d424,0
307be200,0
9044c6dd,0
5f2fda5f,0
52891cbd,0
d6de22d5,0
96e9314d,0
d78675e9,0
5ad747fe,0
66159aa2,0
ff847176,0
c5b1d7bb,0
6bc92e77,0
137eb2ad,0
e311190d,0
89e5fe6b,0
e4e8beb3,0
3dce06e6,0
52075cbf,0
53325578,0
aaaece5a,0
b557de0b,0
7a91f9a8,0
752ce3f1,0
a61b5425,0
9916076b,0
0062e8f1,0
49a2330f,0
aebd6ca8,0
96b790cb,0
817b5746,0
b0f1348f,0
08e5270d,0
aae0a2cd,0
f5dbd510,0
3c56b93e,0
9a670dc1,0
2bda5cc2,0
45807938,0
6d02ef8a,0
ff9ebfc5,0
4dfcc920,0
a2046332,0
ddaaa851,0
f974c6fd,0
ad0f89c4,0
9f958ec5,0
f119beb7,0
eabc3e69,0
a5ece0f2,0
f36533d5,0
3712ac04,0
0f64bf5e,0
48f723d2,0
d93d8ffa,0
c2d60e9c,0
e6654a18,0
07d59f52,0
5514f1db,0
a2f169b1,0
2af1e824,0
c9c27683,0
a3bc98c7,0
b09265e7,0
d8e8dd10,0
1cb0cce9,0
7a1f3a4b,0
f166b947,0
2913fafb,0
6dfd1b41,0
d170273e,0
f0efd249,0
b66aa724,0
9b6121c1,0
e270ca83,0
fecfde60,0
7dbb97e8,0
3474d9e6,0
194fafe4,0
f1d52b84,0
c3cd2509,0
e18c1033,0
bf7af876,0
2d7eecd2,0
5c82e933,0
08b2d1f1,0
45cfe547,0
7d1ec6d8,0
14c97cc3,0
66beb468,0
9030f377,0
1ba38e8c,0
d8b66757,0
e746d4d2,0
c47f9b26,0
c2485925,0
ec8d9ae7,0
9315455a,0
0d8b64e3,0
f2449584,0
4358a54c,0
fef9bbd2,0
80fab7df,0
873a1b03,0
bd8acf30,0
23910e26,0
ba8205ba,0
574317ff,0
68f198e3,0
6cdb758b,0
3ec9be92,0
19f01d34,0
85929c9d,0
109508bb,0
02b8a794,0
cebc7708,0
95f75f96,0
0f15e0be,0
434ee934,0
398da045,0
656d9acb,0
19837e0a,0
91de535e,0
bbee8d35,0
c7bd9d1a,0
f8325944,0
dfabe907,0
a8f98216,0
15499ed1,0
91fd2c4c,0
cc38de4a,0
f1abe024,0
bca014c6,0
3d50d03f,0
8f2cbf31,0
c3cbb9ac,0
f53e9905,0
5b800190,0
80415077,0
2948617b,0
40fb70f2,0
2b0e6cf4,0
d8e579c5,0
55c735fc,0
414c543b,0
85975b2a,0
82cba4af,0
619ab93d,0
68ae2826,0
acfe5749,0
e1061e50,0
8079565b,0
6bf273fb,0
56cdcc21,0
00b42c3c,0
819cf7aa,0
27a26327,0
e8ccc444,0
9e3fc082,0
52bd280e,0
6f105075,0
f64a1901,0
8ba00f4f,0
4da6509a,0
bb91ab01,0
f69a616d,0
487a539b,0
f31e43b5,0
a7c810a4,0
66d3353a,0
af1527ca,0
892637f1,0
ec65af1c,0
010444ed,0
8b46cec8,0
c7236ba8,0
bf7f72d3,0
6a2269e3,0
117ad24c,0
125b8f56,0
fdb93382,0
a53c816b,0
f384d27b,0
045e11b4,0
ad4416cb,0
e47b4f9b,0
20196c98,0
82e87562,0
7571d08e,0
fe01a403,0
15bb3b40,0
f1fea498,0
3a165a04,0
8342b0af,0
822d43f9,0
1e741f17,0
17bda173,0
d804e042,0
6afa9211,0
370ed06e,0
fa960e81,0
4d8c2913,0
c849afcc,0
a9053920,0
a87e46c1,0
820de014,0
72372844,0
7ed12d95,0
e8bc6a4b,0
a4da2022,0
256a13a4,0
bf932383,0
d81f9e1d,0
ed72b8a8,0
c5f9a8bd,0
a576d094,0
d3da4805,0
15fcf48e,0
0cc0121d,0
9eb1ec11,0
15657dd5,0
b64080bf,0
03fd4506,0
26d1582e,0
d7936f0f,0
1af324ad,0
2d2ea580,0
0751f1aa,0
5e97683a,0
f3aac467,0
41e52b7b,0
f0b903a4,0
1a2858e2,0
996aa324,0
1df33489,0
e16fac74,0
70a0d85c,0
c15f404d,0
8adb55d1,0
6f9480a3,0
094e5665,0
9f420627,0
13a83a72,0
9bd6d11b,0
96ffe09f,0
768b1458,0
9e48076d,0
55efa25f,0
97537902,0
c36912ae,0
fa77d76f,0
5ce2b699,0
4577c524,0
3f392fd8,0
a4230587,0
1de6042a,0
158c89d4,0
32a8ad45,0
8da18852,0
684606a9,0
23f9cef5,0
0924c6b3,0
bffacd03,0
f3d11fc6,0
31869fe9,0
854c695f,0
635ff204,0
0369e633,0
837e9a86,0
fd9aa2e6,0
f249506e,0
5af05288,0
6a23fce1,0
d891f48f,0
221a1a9a,0
4c6cbb95,0
bf33429d,0
f9e659c9,0
76aa54d5,0
ae077804,0
0bd331be,0
d5157dd1,0
2e86c248,0
c4ed9362,0
d5817ffa,0
82cb5cec,0
f24d80cc,0
18625931,0
822e90db,0
9c98cc50,0
0a12951f,0
fc0a698d,0
72e67176,0
867c8438,0
161490de,0
539db6ca,0
36272a91,0
c7abd55c,0
db486d53,0
459ca947,0
3682a2b1,0
408f47af,0
a2a28a7f,0
7df7b3cf,0
7b09da99,0
4c6aa188,0
7357cc2f,0
49b71bea,0
599ff792,0
8f166592,0
f9afec84,0
2859365a,0
192c65e3,0
7b1f1c0f,0
95add25a,0
675ee475,0
7d05b50b,0
49fbefed,0
588b07f2,0
482537b3,0
f51aa1a5,0
c98d4c25,0
c8dc336f,0
990963e6,0
96fb75eb,0
0b8ff8d7,0
1737764c,0
da9a9636,0
8aca7437,0
783cbfe2,0
603dd396,0
8919b05a,0
e7a7e80b,0
0f3f0532,0
7f999f31,0
68062c99,0
c1b3366e,0
ad5f53b0,0
3e8f8a38,0
db995431,0
1fa9a847,0
707f514d,0
2117f9e5,0
30dcd0fd,0
cfdcaecd,0
b20f913a,0
0aae9140,0
5a029080,0
6353a2f3,0
97528a22,0
a0b08128,0
657c8238,0
407f468c,0
105fe372,0
61ab9400,0
95fb864b,0
982b9fb3,0
b812195a,0
aa754e41,0
74f90109,0
87ef0c50,0
b3c0e4c8,0
ae9e40e2,0
5bf6f839,0
c96d727a,0
b0780526,0
956138d1,0
746d54c7,0
b573a413,0
53e50f0c,0
d0a821eb,0
6bd38e34,0
18487a19,0
68817c30,0
46c7e734,0
ae6eadbc,0
ff5978d3,0
6bb2bbff,0
edd27b0f,0
b955c2bb,0
d32c6098,0
ec3df14d,0
6b3a032e,0
83e53367,0
308d5173,0
b9f15c85,0
e84fd602,0
e4bc0731,0
306663a9,0
04207b7e,0
734c7eb4,0
34ad70bf,0
6da942f3,0
a1d5498f,0
b9dc76a9,0
8ddede7b,0
b5942c49,0
ffb4ec9d,0
27736afc,0
14eb14ad,0
9ea24552,0
d440ad19,0
179ce9f9,0
444b863f,0
5ee0090f,0
1539c4fd,0
c9bf1ae2,0
6c9d1e13,0
20642d83,0
9a2bddf7,0
defa7c23,0
b5474f26,0
c06887f5,0
47de382e,0
f48d279a,0
d444821f,0
b5f25c92,0
348ad71d,0
36b17bdf,0
2ee9b209,0
2efc8978,0
0e374621,0
331c2c58,0
d094ebc3,0
0d305c83,0
a7973a38,0
f90fc95c,0
1d981753,0
c88f4d11,0
db4a85bd,0
70292d94,0
fa2aeb10,0
41884d64,0
97bc58f5,0
fb64ee5e,0
efc941b1,0
94b39dab,0
3e9b9e67,0
c64e1500,0
2f74af54,0
b06db3eb,0
6925f79c,0
e9228f18,0
9bf1c940,0
b8bf7b0a,0
7e97f1f1,0
12417ebe,0
39740c07,0
f4836a21,0
1f171c58,0
de0754f6,0
f1938ae0,0
2ff53626,0
2202413a,0
d77b639a,0
588c8b3d,0
a63eed06,0
46419096,0
9ce83874,0
ba9b2e24,0
201a7de9,0
4ff32eb8,0
7dff4af1,0
26b9dec9,0
6dee2396,0
c874a5a2,0
c6ab51aa,0
1c37e29d,0
d990e9ca,0
5c8479c8,0
eec97caa,0
d86b57a1,0
483fd7f4,0
30d5e686,0
40bbf5a5,0
a236b244,0
57f6892f,0
1dd64529,0
7a882394,0
cfcb0974,0
531c2eae,0
147b0735,0
5ec9955b,0
c39373fd,0
e7faad5d,0
3f295c51,0
d74d2b27,0
c5132092,0
77510d9f,0
bf2836c5,0
2dc21ccf,0
0afe3c6b,0
0fe1172c,0
66e5ecc2,0
2ca17a13,0
9522b902,0
c4b86056,0
0493a822,0
a74591c3,0
115a96c1,0
b3fd2b5d,0
ad5f2df1,0
81d880b2,0
608be89c,0
0d54cb28,0
92bd5bad,0
bb235de1,0
14da3519,0
16649666,0
7666c8b7,0
6981a538,0
c1ba170a,0
0d66c99e,0
d8e6d021,0
1b96e0a4,0
82c0c464,0
f363eb3a,0
34af94c7,0
53bf4a1e,0
06363ccd,0
68c5e22e,0
0fc940bd,0
fedcde3f,0
2d6dc926,0
5b5167b1,0
12e1d5f2,0
59de1864,0
40fc5ef4,0
ac2e180c,0
e03f4435,0
6dff9c65,0
54e8bfe5,0
ccb24da0,0
54b1bff5,0
5e14a4ec,0
96f78661,0
f2e3002f,0
c0968c6a,0
1ee09a66,0
df55e727,0
059604fe,0
0b6a3196,0
5564a07c,0
4150450e,0
c62baaae,0
66e3f32a,0
07b632a6,0
75ba8643,0
675f8e51,0
f6a34056,0
2f93de16,0
c856e702,0
e66b066f,0
822a3fbb,0
31ac23ea,0
e8abf8b7,0
e3265951,0
5414bacd,0
09456fa2,0
771eeba4,0
4bdf3c18,0
c0b8176a,0
292596a1,0
ef6c12de,0
5a522487,0
404c4ebb,0
46490c87,0
f0447186,0
0df28490,0
e2edc697,0
dd40d256,0
5cc2c8c8,0
22f577c7,0
716cefad,0
e9bc435e,0
942be306,0
0120eacd,0
87e1e446,0
ba000e72,0
085f7a06,0
17471335,0
e1b5d636,0
8e1de2dc,0
910dffc9,0
a5234705,0
84b5fac3,0
1291ad95,0
16d271f0,0
ee6f48ab,0
8423dc26,0
6db7bd92,0
b2e6c993,0
48ea7e80,0
3696817f,0
42ee574c,0
e31949a6,0
afed5319,0
f7c7d1be,0
ed374974,0
d7f43ed4,0
232944d6,0
00f42825,0
87a4f1c1,0
b060fd59,0
468e29e8,0
e93770ed,0
1f6acd40,0
9c5009cb,0
e43382a1,0
c931c8b3,0
a8e27f2a,0
5d12f69a,0
60e2754a,0
4be65727,0
f29ddf2c,0
14d8bb62,0
d12e6ace,0
5970a80c,0
a758034e,0
cce73bf5,0
3acf0be4,0
4810a694,0
77a73eca,0
db92254b,0
b7ef1ce4,0
ed3a5755,0
9de5c581,0
caf569e1,0
3f5a157d,0
81231883,0
9157e922,0
677e2bac,0
30013329,0
ec755f63,0
a12acda4,0
dd9b0ab7,0
d092ee6e,0
f41b824d,0
d4262ee3,0
8cc407ae,0
94f7b0a8,0
414ffcee,0
ed4b41d5,0
c2b3ebaa,0
cf87eca6,0
e38d86c4,0
a7defc60,0
89ae49ef,0
798b5571,0
b4470c7b,0
f9438d74,0
37972bea,0
5c897bd0,0
fbf0ca90,0
58414d36,0
19d7e638,0
51e66999,0
0c0f35e0,0
329ea6da,0
5d73e964,0
419938b0,0
10947931,0
9d4d1c64,0
c05f29f5,0
078ab4d6,0
6130a0d7,0
774a5a39,0
3f912ec2,0
5c9b58da,0
20e0104d,0
5f004f1f,0
167a932a,0
bf721948,0
e6340360,0
2a4f1853,0
80b7ae56,0
9470d7f7,0
189929dd,0
6fde6263,0
ae0280bc,0
962ccc3e,0
22a4d36e,0
c45a7847,0
76c91602,0
62a7962d,0
42f34027,0
05938067,0
69c2015f,0
a70164cd,0
6a8b7515,0
d8c0fd72,0
74713295,0
bbc65895,0
41b59309,0
03a47eea,0
76bc045b,0
7ec45d14,0
391b8216,0
1e0dafd8,0
d5ca6d20,0
949abf09,0
89367da8,0
c315dab4,0
9f44760f,0
a81055ba,0
6877441e,0
17cf1297,0
2e261075,0
2b7f2351,0
df31c8bc,0
0faf3810,0
f7541435,0
e0ed3e06,0
eac01de2,0
03d17e6c,0
cdbabd00,0
cd30a49c,0
1a860210,0
225e0f4f,0
aa8719c8,0
a9e1a086,0
89a94a98,0
cc19d37b,0
6c4c62b9,0
206dd7b8,0
f45e20f9,0
ded10675,0
aadd6b2b,0
2397b56d,0
7bedd28a,0
c55e000c,0
ac70e020,0
7e2772d0,0
cccfab96,0
9d44b01d,0
162af6f9,0
ebc446ba,0
7579d584,0
5f23fc61,0
f3b2cac5,0
c5d75364,0
fa75e5f5,0
f535e79b,0
77276063,0
19796c1b,0
6c29dc17,0
0622f3cc,0
9ebeb020,0
c148ea0f,0
5d2f1ab8,0
7e53a483,0
4feb7f69,0
f8111314,0
b06b1d5e,0
f400a84b,0
216498df,0
dd05716d,0
3b4715d1,0
fc5d2fd8,0
512c5f7a,0
31df8e7a,0
90dab4ec,0
b1971190,0
f47612be,0
22fb6f22,0
6ef91837,0
22546735,0
76aa4a81,0
c5b0e46d,0
4dcdaa7e,0
e7f3cc4a,0
5234b451,0
53d82145,0
ac96786e,0
507e5c2a,0
9e9f4c87,0
57f59d36,0
cafcdc2c,0
3ade4780,0
8da159c6,0
b9cd9a8b,0
0d39fe28,0
7f8d6603,0
2bf2b614,0
a7cdf131,0
03e8bbff,0
18ba0e63,0
3d6e91b7,0
51fc22af,0
4c0cac1f,0
3f967aba,0
ce404d77,0
50504f43,0
bf7c145c,0
053b6be6,0
3cb2963c,0
2755b249,0
f0281889,0
8b857548,0
cbf9f413,0
497df9d0,0
0afe7e89,0
a90a4de1,0
a6837321,0
c5aed378,0
6ce3c9eb,0
b98b99b9,0
72dd9a39,0
1256bbde,0
dac28c99,0
f497da01,0
afbef53e,0
0b9c7145,0
e4150fd9,0
09988c99,0
5e92b4f9,0
7590fce9,0
e97eb445,0
665e9de0,0
d667d123,0
ea67ea54,0
3f6f9779,0
753e4cd2,0
f8a2d20f,0
7e738d77,0
cf33e3b1,0
c5199fea,0
22be34be,0
3d46d689,0
7669fa84,0
7b446205,0
e19b245f,0
84aaecbd,0
bc20a17f,0
fce87ba2,0
74e43def,0
02fa7603,0
3b503283,0
49805034,0
20036511,0
d8253829,0
3fa36235,0
721f3f45,0
d0044065,0
ef0a8e68,0
bb2a6c4c,0
a3225493,0
0a3db8b4,0
d7bf76d1,0
51664ea5,0
006b1144,0
e28d9696,0
7fb8875e,0
24679125,0
821c1090,0
bc9acff4,0
9c452f12,0
d1278b9f,0
e24549a9,0
1dda2e9d,0
352bd2ec,0
7ed72cdd,0
e5344f6b,0
d953d74f,0
0c1fde5b,0
ea2465e3,0
643f0384,0
e6501cde,0
c2897377,0
6488ec74,0
b31a1050,0
7404ac20,0
a243345c,0
5c17e01b,0
b0aa8a25,0
cefa4e26,0
473b6fa8,0
8cfe8381,0
a49cdd1a,0
341945f9,0
eadf6370,0
ff0a864a,0
41f6f7c1,0
6ec12b11,0
700d6337,0
f96f6c45,0
aa58ffca,0
c7a3ed05,0
e004ed4d,0
6fd85a54,0
cbb3904d,0
636ba185,0
f7455a82,0
b48acb6b,0
0c338499,0
9783fc3f,0
6a96332a,0
edc8cbf1,0
0de52401,0
d6366f67,0
d9adaea1,0
40b280c5,0
3df3f0fc,0
25d2fa3f,0
8d9a0d43,0
32e0a4fc,0
f4fd34a3,0
07852583,0
11d6f17b,0
f28c501b,0
d098fb99,0
b1bddc61,0
2e8ba73f,0
ea149b62,0
4ad24d7a,0
e37c1314,0
7272c4bf,0
85e3977d,0
79ae115d,0
4a0f2944,0
2505fe2e,0
cc0086df,0
41f24660,0
56ea8cdc,0
42bed3ba,0
8e273a57,0
5338e034,0
47888ce5,0
3b343db2,0
2dd7d3e5,0
583ab12a,0
29a5fe4b,0
5e7ea928,0
39f0a6f5,0
cb218c76,0
05ab9015,0
eb6b34bd,0
fb3d8caa,0
d1a4c764,0
91732081,0
a66e7c53,0
472d8fc2,0
68f90fc1,0
0a2cdaa9,0
1e8027e7,0
977630ef,0
74842beb,0
e9cd9c33,0
b06e45a8,0
37c0a693,0
2dfdad05,0
be38e687,0
c0c10b91,0
1bd504ca,0
1a13440d,0
c9158d00,0
e47f7cbb,0
4b014cc2,0
b5465960,0
20970e30,0
b8f57215,0
8098e97e,0
509fe57f,0
2011ad5c,0
f0bbbd85,0
39043812,0
42555b6f,0
6079636c,0
1d0cf766,0
8b820ba8,0
70aa7b49,0
5efc563d,0
78840939,0
c2323cfd,0
1dcd772c,0
f242f436,0
2aabfa5a,0
bc6a887e,0
d82b2083,0
973d24b1,0
9a09968b,0
6cf1d987,0
aa49f23f,0
eb926139,0
78774abc,0
3cce5f7b,0
7d23b503,0
f9d0de67,0
9fee0020,0
84eb499b,0
a2737e3b,0
17053e52,0
016a0a8c,0
f00e77f0,0
d6db7fd2,0
96e71879,0
28a2774f,0
7e5f331d,0
5bbac1a3,0
4b5fa87e,0
87745f1f,0
8b4eb7dd,0
351d1d34,0
866c5304,0
e214b3c9,0
9f5d6117,0
0df4c1c0,0
21489e7e,0
bccb143f,0
ade2be65,0
32c1b27e,0
9f65ad6f,0
348e9b24,0
871b4ac7,0
6c0e1bf5,0
88e82435,0
a7077db3,0
42be2279,0
8c1b3ee2,0
aa5e7f3f,0
056d8ad2,0
1a9e0fb1,0
6ebd622c,0
f2825aec,0
5bdbf599,0
d9ebfba2,0
0d670acd,0
3dec02f3,0
b525b9c9,0
f6de1be0,0
fec0ae55,0
1ab28710,0
88c6d53c,0
b22006ee,0
65bf061c,0
d450bb2d,0
1fae1c84,0
38c08a64,0
76751f07,0
84653aed,0
328c8185,0
73f4646f,0
8583a064,0
07602bab,0
bf530802,0
3e5f1053,0
9883bb59,0
2beb61b7,0
15b04d02,0
d6081a86,0
eccf114f,0
c6e48a8b,0
2d699108,0
0d0fac1c,0
37e43f8c,0
78d8999f,0
3753d62d,0
3f2f2101,0
e0e7a8b2,0
1189d560,0
88579778,0
827b2e35,0
a2a49652,0
2be04c38,0
c7a37fe1,0
8ea59966,0
f65ad8c7,0
21c28539,0
391177c8,0
024c3cb8,0
140db647,0
a4ec6a62,0
7dba5e5f,0
86eff6cc,0
11fe3f42,0
a1bd15a0,0
569fd2c2,0
bb8bd53d,0
5e25204b,0
161bf17b,0
3da89143,0
6e9f7a22,0
a2d57564,0
8d6850aa,0
7a3b5c37,0
9a528d04,0
81ab7449,0
68b3f3a7,0
813a187f,0
f1279aa8,0
c335e367,0
794eab7b,0
aaf17c0b,0
0e359a93,0
40f16041,0
56f7f9fa,0
93bfd7bf,0
fa12e102,0
bd407a5e,0
f9e0748a,0
780725d1,0
902a0dff,0
54648f2d,0
60c37d6d,0
d544a429,0
7219a1d3,0
8f59bd18,0
572c80cf,0
6392481b,0
1119c9a7,0
44e25b61,0
1c924b32,0
6d4aac80,0
41decd9a,0
436cec7b,0
92641ff5,0
9f744997,0
eb4052a6,0
13d96cb3,0
e72041b6,0
e6b6b78d,0
d6fb4615,0
14b29efc,0
7977f8c4,0
960e740c,0
c463972b,0
f1513e3d,0
65113b57,0
056fd0f9,0
ebaf6fe6,0
ded0af4d,0
5de781ac,0
40c823ee,0
80b240d9,0
be8c5d2b,0
0011aa91,0
5c04c14e,0
0a7f86ec,0
51270408,0
96301433,0
179cd096,0
216a2289,0
943ddd3f,0
7bec1f00,0
a3e9d147,0
138cf5c3,0
2d4657a0,0
0c19d631,0
2078dd2a,0
61e838fe,0
7aabccd4,0
81489db0,0
b576e76b,0
69865396,0
b17a1999,0
4e6c1441,0
a6367f76,0
1d07c9fa,0
70297c00,0
683467a4,0
36c4a6d6,0
af0c8a09,0
2721996a,0
36f6a808,0
0234024d,0
67c3fae5,0
bff5a349,0
ae4059f7,0
571ce4fa,0
ad3d1be6,0
aaa4cae9,0
5edc4bc6,0
897d311a,0
5cfe921b,0
777ac976,0
ba8901d8,0
925c8508,0
88d78008,0
6cd81113,0
1f1418ab,0
34b4a55b,0
ff1c51d6,0
4445732c,0
1785aeb3,0
5f1ff22a,0
61c7d8ed,0
f0f2061a,0
0cad6ce5,0
b167a905,0
f1409435,0
7937e308,0
d7810a24,0
9fc355ba,0
cfe79dcf,0
e49f6a19,0
8d7b7661,0
9998d538,0
060637de,0
161cac47,0
566b579c,0
81fab09d,0
5c6af433,0
46a70dfe,0
dde4b2ae,0
bc8502d0,0
50480104,0
7e25362f,0
5ff6d569,0
9e5c2ae0,0
b375b9fb,0
84db1367,0
5900d4a1,0
d1889885,0
f50e962f,0
a716685a,0
7d711e89,0
30b9f216,0
83a4298f,0
edf0e0d6,0
bc091a08,0
2278a596,0
e0fe732f,0
a8f3a687,0
08ed309c,0
d4ee3226,0
537a9876,0
065f69cb,0
c785469b,0
2a71cc96,0
e2e372a0,0
4774f0c2,0
27617334,0
43641189,0
ca4c3628,0
c7c109b8,0
89585284,0
1f11316f,0
178ee626,0
97d41bd9,0
599cbef0,0
fef51f55,0
a631534f,0
0e001f9d,0
793c42ef,0
fd3e4bbd,0
ede818ac,0
f1a88d22,0
7fd7fc69,0
da7fcfa0,0
2592cf25,0
b3a0d7a9,0
7ab669a5,0
b2f317c2,0
4224b626,0
84564b02,0
3e2b236a,0
d7ad5ec5,0
e26dac90,0
3edbc238,0
93c9de49,0
bb44bbd4,0
45233d36,0
c0fa9e15,0
962ce806,0
333a3116,0
95f54350,0
ae937568,0
4c52c6c8,0
9f65e1ca,0
dd2813b0,0
ea413828,0
670e6d48,0
429f5302,0
be226397,0
414ee79a,0
497379b1,0
59dc31a0,0
f813768a,0
89bb78d0,0
a9799577,0
62496466,0
668755d1,0
6c2a5e41,0
06438543,0
b5611eb4,0
2b249980,0
33fc8097,0
6a618500,0
6cc2ce34,0
479f8d5f,0
6c2db980,0
5896d75b,0
631fbefe,0
0980ebcb,0
81c07c33,0
3e242966,0
39374077,0
f742998d,0
bc187e85,0
fd2cc25a,0
13d8a1a6,0
130bf3f6,0
c6f5d9f6,0
8bfeafd1,0
b25711e6,0
de3d287c,0
a0b6fdb2,0
6f1e0b03,0
25894e90,0
47fbdc90,0
8fc1587a,0
a849dbd2,0
2e7d5c8c,0
8dbb1a9f,0
ab3a206b,0
eada6126,0
047e5ae5,0
2532e075,0
b6bd30d0,0
fbbdcb71,0
f7328674,0
546e7bd7,0
1b1fa948,0
0315c600,0
fed66381,0
6d9a3be9,0
9aa446ca,0
976b771b,0
155398ca,0
120b29d5,0
307fcad6,0
eeb0d770,0
ea577804,0
1c3bf85f,0
b34a5777,0
d8935644,0
170a41a9,0
968783ed,0
c01456d8,0
166c1270,0
050167f3,0
d130897a,0
b31a3610,0
449db546,0
0be2f4f7,0
0877a233,0
1c8dc633,0
5aa45261,0
eddbf3ee,0
33df60e1,0
4b0de80f,0
edc764b5,0
f1eb32f3,0
7cf0b668,0
3fc85234,0
284c3ab4,0
ad6fe678,0
dc231d10,0
cd69a9e1,0
4ea055a7,0
a1e9ffed,0
543b57e1,0
b8b281fb,0
9224fbfe,0
3910211c,0
af11fd21,0
537a8f42,0
83e388e3,0
423e85c4,0
aacf0c35,0
10ea54e5,0
34419448,0
56d07925,0
f92bf7ab,0
b7217710,0
48e38727,0
aec5f13a,0
d65da7c0,0
48d4aff6,0
edb5046c,0
bced25d7,0
aaa33bb7,0
fddd6207,0
6d5d20ec,0
fde40094,0
e9f3056a,0
f9c75384,0
0c134f5b,0
98c8daa6,0
49435959,0
1e5eccc1,0
ecf308c2,0
26d703ce,0
7d27f370,0
b611ed95,0
145daf5f,0
31ab6221,0
e28f53c4,0
8fb4d93f,0
cb6b3169,0
8eba2241,0
feaa0014,0
40982179,0
4faad84a,0
09e0715f,0
87a2fc92,0
6149c94e,0
25aec5a9,0
a9972064,0
43590b2e,0
8197cced,0
57a535fe,0
716c1acd,0
0dc35596,0
31666707,0
0ba56fcb,0
26028bbb,0
15d826e4,0
115025c1,0
47b51a7d,0
2d224c53,0
e2b96117,0
59a7b2bb,0
5f40ed9f,0
5c20712a,0
767ed44c,0
771235e3,0
bf6dcf29,0
5fd1b031,0
0f555b31,0
29f30989,0
62437448,0
72a4c625,0
0f38c13a,0
75131691,0
1d93850e,0
ce2c43f2,0
daf0e34c,0
81eba640,0
e7309080,0
7b4795bd,0
971de515,0
b6670b9d,0
f13bf324,0
08e46440,0
5c3c6858,0
529c0728,0
5ef9c9dc,0
abc2d64a,0
f612bb1c,0
4023d704,0
71502321,0
e94bd6d5,0
f316a328,0
df62210c,0
fb705b1a,0
721fc33a,0
472a2134,0
260e6143,0
bcef0a67,0
2d8d414d,0
ac020b66,0
2b9dc3ce,0
7fc64ede,0
3f86d16a,0
62a7ff32,0
1ccd41a4,0
a73cfae2,0
19034b7d,0
d3a34574,0
b915755f,0
3b69603a,0
60f367fa,0
c225ea76,0
656aa022,0
fed31669,0
ebc5e4ef,0
d4012e46,0
ca448759,0
20621553,0
70339312,0
9f6e2237,0
db9eaad8,0
f3226980,0
fbf2777a,0
ef89ac51,0
57479f3e,0
f390ba9c,0
4f1296c1,0
8202f23c,0
fd8e1444,0
837a0d4f,0
7b1fc578,0
2f8c7a72,0
4399465c,0
dea9028c,0
d1e7cd1c,0
de96992a,0
2699477c,0
122b222a,0
3be0abe3,0
be84afaf,0
fac31ac7,0
8355cd7b,0
07b8bb06,0
8f43a0a3,0
b9c409b0,0
a83b3ff9,0
6999d42d,0
05a7e2f9,0
1c3c7efc,0
c6a74fb7,0
53e57e13,0
0a003988,0
63d2acd8,0
64b6378b,0
58775e0b,0
7457f798,0
98f8cfee,0
b6b381e0,0
78903ac9,0
86f9eea9,0
cacf95f6,0
9bcf48c5,0
62740cdc,0
8649d1ec,0
46d4a7b7,0
fa49e5b4,0
fa1f31fb,0
20607b7d,0
1b8b327c,0
651cf4e9,0
f2709b0f,0
c5b78391,0
9b53a51c,0
76554e21,0
8b7c02e7,0
1697c691,0
af1c49d9,0
9527ecce,0
dfcc1b8b,0
837dc711,0
6063d722,0
e4855362,0
c07fca7b,0
2f2afecb,0
241af29b,0
5b9cd461,0
632a64d6,0
9573c9f3,0
d90a8ced,0
33b14f68,0
6f7afc7c,0
0518ef8c,0
739b6430,0
5288e8fd,0
b37a4141,0
9be29603,0
82104dfa,0
ae9fcdaf,0
03068137,0
804144da,0
a5399cd0,0
a8ffb3ee,0
ee384195,0
2910ec29,0
b5affc86,0
b6f785ef,0
6d8e84c2,0
2867f032,0
1f1ee40a,0
d65261e2,0
5706d66c,0
5eacf3df,0
f9134e82,0
67fa1505,0
8c16af96,0
a075a7f6,0
af55979d,0
9d3bc167,0
2ca47b4b,0
0ac1b1ef,0
e6b35ef6,0
eaf5ba5f,0
c8ce05e8,0
281d40d0,0
46183b69,0
358f1a33,0
80f74085,0
6733bc53,0
3108c994,0
b965b81b,0
35e10626,0
242a9c11,0
5238c94f,0
82be0767,0
500e4bc7,0
372f2ca1,0
6c3623ac,0
77e4afa6,0
f93e022b,0
093b55e3,0
179601a4,0
ade2be7c,0
83a807c1,0
ac8da42c,0
6b61bda1,0
e6d61838,0
82a274e8,0
4d4f5088,0
b53941a0,0
e8212c79,0
033d52ef,0
b5fc6a82,0
f1bb6684,0
5b53ecbd,0
611a864c,0
5334de7a,0
1497630d,0
e44268e9,0
7bc44301,0
0d40a32e,0
57361a7b,0
7896f98e,0
c24caef4,0
3b250fc0,0
32d8486f,0
38f3183c,0
9ded90f6,0
93ed346a,0
0f054332,0
cf78fc7e,0
a51e30f7,0
e1ec0766,0
7ce5fa00,0
d12828a5,0
42b75f89,0
67c43af9,0
f551ed99,0
b5b3a2d6,0
77305d27,0
456fb731,0
0db1bef5,0
c979e735,0
649a1c5a,0
8191d6ac,0
5d739c58,0
ae1e9904,0
60692dfc,0
97abe80b,0
4778b633,0
0246e65b,0
d373f760,0
0ef2249f,0
c1ce1c6d,0
a4ec35a5,0
075c279c,0
06787c9a,0
502c5687,0
cbcedd37,0
1931e5d3,0
5cf055e7,0
432ee6e6,0
f11caa54,0
1d5f4bbb,0
e2013ef7,0
18959214,0
1a32f18e,0
090478ef,0
8319bdf1,0
24a18d54,0
1cc52445,0
facda0b9,0
0deb0947,0
f380728e,0
6e19c280,0
f1434e56,0
96d47ca8,0
b09c8fa1,0
ac7ff47f,0
f7430f17,0
f637df00,0
ff91de3e,0
1dbbf36d,0
b896fcc3,0
47f275f3,0
a2105984,0
22ad5b28,0
cfa1432f,0
cac4dc48,0
5a97f1c7,0
0bddbc3c,0
27bd779f,0
9f2b86ac,0
cbd7ab95,0
a617c17a,0
de30660e,0
98f3c1fd,0
618c0999,0
8c8267ce,0
d2acd4aa,0
2c52dbd3,0
cc0f34ea,0
71675a84,0
a4433862,0
50908423,0
6c604144,0
632c5b99,0
7732dc20,0
ad38b378,0
2288edb2,0
4ade3968,0
1c5213dc,0
3876207a,0
55c8bf2a,0
6668fa1c,0
35a7585c,0
f9e97599,0
4a93c132,0
fd34799d,0
82ba9581,0
f484f9a2,0
7c23e44c,0
59334dda,0
023095a4,0
5268247f,0
4722f5b5,0
2cda9ad7,0
4bec8dea,0
720af755,0
516e2c33,0
d57330fc,0
551107b5,0
ce1772ce,0
8f47a5f0,0
0e93b224,0
ccfb4f0d,0
b83d269d,0
bfafcd63,0
588df35e,0
6203e6d1,0
b2047202,0
2f4ff276,0
2f95fc66,0
b5ddc0de,0
70cbb2a2,0
2da6c610,0
65a7faca,0
cb9c9ce9,0
00791ca4,0
1da622a9,0
54767ec3,0
b9d5f37d,0
67b230b9,0
3f1a6bee,0
d3f8368b,0
1c3c0b14,0
9a721041,0
9409a892,0
1c02220a,0
be821ba2,0
b7b64d14,0
71b3e4bb,0
af017734,0
bc75a14e,0
8f089daf,0
dee0f0a2,0
4734eac7,0
66c5158a,0
2d4b7e68,0
7e04c80a,0
02f28661,0
1a24c3a1,0
3942b483,0
4e0e7eb2,0
7938f474,0
83644c74,0
bfbd0348,0
fbe9db15,0
332e9bc2,0
e2d31d05,0
b5249840,0
6e11dfc4,0
e1935dff,0
fa581936,0
a2cc5145,0
fb45c64b,0
9150eb50,0
6854f5e6,0
e172fe91,0
835ebcf9,0
d8c1f528,0
be131555,0
b93841b4,0
b9d62787,0
36d80817,0
8c9d8f3d,0
d65dd5a0,0
35a4869b,0
26f8662b,0
25bfac28,0
9ce5f4f9,0
59b4389c,0
f725c8c0,0
20a3aaa9,0
673c929b,0
195cefca,0
efe11e00,0
0eeed874,0
8fe3cfff,0
78244813,0
6d3b3c03,0
55356fba,0
78d99088,0
74ee179a,0
8b81aef6,0
7301685a,0
ccd52cda,0
99fbfcef,0
e66f2658,0
685865cd,0
917e8c4f,0
df36e9fb,0
426f8678,0
ba8796b8,0
ebe03788,0
a849a7b0,0
1c91c3cb,0
aa26fb5e,0
dba34cee,0
a34c40f3,0
01dc72c6,0
ebc7e2e5,0
9685642c,0
b84d59d2,0
0a5f4414,0
3be717e9,0
0966c9d1,0
4bbd61f2,0
d7a52652,0
c6e86488,0
aad1c332,0
6efb1955,0
e87e462f,0
e077a7c0,0
8cd67dbd,0
3181f1b1,0
700219c6,0
3767d4e7,0
dbe6c427,0
042f898c,0
17b3f3ae,0
9017ac58,0
840cd760,0
281e8b3c,0
3bdb142b,0
677b7d2e,0
38ab1c88,0
04428e8e,0
85e2a20c,0
f80e8ac1,0
01308a13,0
6cf28d28,0
755b7a9b,0
1d35db44,0
fc52a5f4,0
38fae272,0
46bc04ef,0
29ac2bf6,0
2d119f28,0
c1504fc0,0
c8169551,0
2d6326ff,0
ccf1a2d5,0
e3c44c27,0
bf37f4c4,0
90b44471,0
3f6699a1,0
94f784ce,0
c1ae2830,0
c3258ba9,0
884980f6,0
1eebf098,0
d6db42e8,0
c7acf965,0
8f94ae42,0
d15f108e,0
63c7ca76,0
0e93d2d4,0
d42eaa41,0
3b5e1973,0
f13c1d88,0
ce3ed5db,0
70646b5e,0
043d4fc7,0
95a12c2f,0
b0e1eddf,0
63f5c794,0
8e26c4a2,0
c0927ee7,0
3e98328d,0
0840e3fa,0
23d174b3,0
36e9fafc,0
3887979e,0
804828fc,0
7cad4408,0
a555d1f8,0
33612e94,0
3b14c15c,0
9d5f2e8d,0
d1db0d44,0
1389d98e,0
08175fb7,0
3371c3d9,0
f9966af3,0
f9cc979c,0
b23f2988,0
bb798aa3,0
0628b2b6,0
9b0fc563,0
e08c0dff,0
98a9b5a7,0
4b885af5,0
4c3073ea,0
2eacac3b,0
9ebc756b,0
62e5c04a,0
9ad6a36f,0
9c39ebf7,0
9162034b,0
ae46f55f,0
de0c3f74,0
6854703e,0
1afb1192,0
e79b17da,0
896280be,0
ddd40fa3,0
c377930e,0
152eaff8,0
17a7a645,0
0831d41d,0
8b373b7c,0
f7c6f69f,0
698a0861,0
643b0fbe,0
90e71f5f,0
3b7d458f,0
0af35807,0
45b0364e,0
73a3d035,0
10612f03,0
448e97c1,0
0c208367,0
728a8730,0
4abb13c2,0
680724c4,0
0be729f9,0
6265d2ec,0
3c964ca3,0
684e391e,0
5ad906fe,0
a04767db,0
9bcedcab,0
80cd688c,0
bed830a2,0
4357fc82,0
655c24bc,0
2893716a,0
89f5708c,0
0dc68382,0
b3a45cec,0
1486a1a1,0
44e4572b,0
b70d5780,0
10765c98,0
5240df3c,0
57b0131c,0
9ad31439,0
61fc248d,0
dd933e16,0
9f9707e5,0
4c0ca8ee,0
0bf85542,0
ff8ed174,0
ad2441d5,0
120c5cf9,0
52d856a2,0
cad6c87b,0
1c04c37c,0
cf3355fc,0
bb0b78f2,0
861df11e,0
689ebcd9,0
937eee17,0
af7dddba,0
90fc037a,0
6416578f,0
d115e7de,0
f9f822b2,0
3d5121b9,0
169b6b1b,0
d667f323,0
480b2e74,0
379d5846,0
e0194e53,0
94150c74,0
4d6f88ec,0
27a0d70e,0
1a02a0df,0
7b4aa4df,0
b87b90a3,0
564a5646,0
5dc78d41,0
0fe626df,0
d72fb82f,0
d825793c,0
61ef0b2a,0
bdade419,0
7462062e,0
8f0fd906,0
64e41add,0
db6d0d06,0
9695fee2,0
5ceafe4c,0
36828c8d,0
fae37b3c,0
4760fb73,0
da606bc8,0
5cc93730,0
51e5a558,0
e5a912ed,0
27fb9b7e,0
a25b1bdd,0
5e8c1e1c,0
8b5caa08,0
f26a49ce,0
7e0b585d,0
dd7fe82a,0
83994f95,0
914e7a96,0
d76acaaf,0
0e459b47,0
dc5fb10a,0
c815f478,0
f2901649,0
bc32ca65,0
dbdb3c68,0
8c4e47ca,0
7e6a179f,0
5e29995f,0
ce8d305c,0
76f1230a,0
9f8113c1,0
664a9b04,0
98d7b546,0
86798c1b,0
388c5129,0
83b244ec,0
ec6a2d95,0
1027167c,0
4832e9e4,0
c5e3596f,0
ce15b58c,0
2cd7816e,0
42bf43bf,0
0da2c9c8,0
41d9ba05,0
e050b47a,0
4f91bfbe,0
7fdc6a8f,0
d1da0b62,0
78843612,0
d077f72c,0
defe06bf,0
7e383252,0
7ab4b2ec,0
d564fedb,0
fa8e0934,0
548c012c,0
c50e7015,0
810236ac,0
2062f334,0
140b1ca7,0
600da05f,0
f60367bb,0
b16b1876,0
7b680a87,0
137de704,0
dd01cc18,0
419c69bf,0
eaa82242,0
5f792b9b,0
d884df05,0
e5b6958e,0
51165848,0
5a9a5eec,0
24c7375c,0
477806e4,0
0b41af6d,0
9a0311da,0
312df922,0
06dbae8f,0
4f0c536c,0
ebf4fc4f,0
4ad91a61,0
beb485c0,0
3eb630c3,0
275a73c8,0
104c674a,0
879a3b38,0
032b749c,0
b23addc0,0
a7f09724,0
d027d520,0
8a391468,0
bf9c6768,0
21a3a236,0
d552fd38,0
b4cadf38,0
0fff3a29,0
e0710406,0
d4163b34,0
68513f02,0
6d82f894,0
d14a1b42,0
a97c71e5,0
f39bee23,0
55da2834,0
cf9231fa,0
18914432,0
ebc4bcc1,0
6208c7e5,0
b69f22bc,0
a173391d,0
8d50621d,0
5b2bd5d8,0
824ed513,0
317aba72,0
bb371f53,0
c662bc60,0
b2331610,0
1489b824,0
5ff4f331,0
441da8a9,0
e297ef80,0
43e0e6a2,0
8b0c33ee,0
ae502880,0
5a3b48a3,0
08e21d39,0
867be7c3,0
8b12c9e9,0
ab3c1d15,0
2f8c0b3e,0
fe2aa32a,0
48061c4b,0
b52579c6,0
ee219b5b,0
e5341465,0
805f7462,0
d4598c3d,0
bd03f22c,0
2c08f277,0
56ea1741,0
f32ebc47,0
9d888b30,0
68ec831f,0
23d8b8dd,0
4d83b17f,0
0707a816,0
3b46e6c2,0
b264db9c,0
e5710765,0
fb4f8a16,0
da94467f,0
fc6c9d0e,0
38a84460,0
c0e559bf,0
4c0455b5,0
1c560dbc,0
d64b479e,0
a713419a,0
cfdb562f,0
778377c8,0
5f48d61c,0
571f0d14,0
791efa2c,0
9be8b46f,0
ddbe5d68,0
7fdfd39e,0
eda05283,0
d16fc2b9,0
8ef3005c,0
b9f5b23b,0
61c06d0b,0
7eb480be,0
da835511,0
98253396,0
27020145,0
68b0093d,0
fcd7c592,0
59164838,0
1c0e7dc3,0
f3203c81,0
97d6f917,0
41250afc,0
eab3d54a,0
6a6d056e,0
a5a2b457,0
1a3f49d1,0
bb740fb1,0
e601ad74,0
801544bc,0
16b0c46b,0
4c147a19,0
ba3efce0,0
bf9da852,0
dda8597e,0
de247d7f,0
46cbe1e7,0
d81012e4,0
34c00ea3,0
cf062654,0
4be3341b,0
fb805efc,0
930aa7f4,0
de3e7dd0,0
c98e1740,0
e4c892e0,0
750735cd,0
13b2d990,0
00103b7c,0
c7db36ff,0
77bd5d60,0
28e691bf,0
3bfcb1a2,0
9b758ad6,0
e3b33ecd,0
9f3df96c,0
299280bc,0
42375f62,0
b1ffa5b0,0
a94e3636,0
31828ca1,0
e1e0dab1,0
3b166b17,0
dc97676d,0
38359c7e,0
0ae4f9db,0
fac9623d,0
2e4ba6f2,0
c5da2a72,0
c6f8e250,0
f04ecb12,0
2a750c65,0
f30f3229,0
ae421fa3,0
e0e6929c,0
86155e70,0
afb36deb,0
a63f8bfd,0
dc452694,0
02fca5ec,0
8a35dcb6,0
4b2ed601,0
d7ecc57d,0
f7d9d0f4,0
fa0cc595,0
2c7a6743,0
eaf0de72,0
2f708631,0
e49829d5,0
2483ef15,0
414ac9bf,0
d06396c2,0
41886b94,0
d2c94076,0
8774f87b,0
db43ff0e,0
b76ae4ee,0
f719b619,0
87cfadd2,0
3174a51b,0
c5348dd1,0
ee820a80,0
374a7cbe,0
e35d10b8,0
a132179f,0
b06900b0,0
7dfdb292,0
1d90c7d7,0
a1fbdc20,0
38dfbfc8,0
aa714e2a,0
c3bcf0ba,0
a5202094,0
58422104,0
ae6c0e23,0
e43d0677,0
be03452c,0
381ddbe1,0
97db4a79,0
6e816c75,0
3579ef6d,0
4564b991,0
8134cd85,0
615d9813,0
7c896799,0
40b51689,0
cdc0a674,0
0cb559c9,0
61ece686,0
26557b34,0
506394c6,0
e94186b5,0
c40a7387,0
0dec8af8,0
69b69ba4,0
cc8a2bc8,0
2628f555,0
969b820a,0
3b5992b1,0
07f8341f,0
60b2d693,0
2b72aa62,0
6a2beb86,0
b5dc70ca,0
613f6b41,0
408af0b1,0
3a7d39c1,0
77436efc,0
def58177,0
b078f7e1,0
95180494,0
828f6b87,0
a456f867,0
b08e0bbe,0
41e27f97,0
b933b9a4,0
50f5cace,0
f8cf7d30,0
ca4eab50,0
5b8527f6,0
134c4404,0
e116542c,0
60e74650,0
fcbe641d,0
f96076cd,0
e33b4f55,0
49befeb6,0
6a67569d,0
feab8424,0
5299c644,0
3f1d569b,0
6e624587,0
d0ddc814,0
7f405241,0
c0617e7d,0
1e9f911f,0
d3d0a43b,0
b651eedc,0
c01a1c10,0
a35ed5fb,0
e9625a6b,0
ac607ec6,0
ab21fd46,0
caee6ca9,0
4980f434,0
788634ec,0
e42138b9,0
d40122b9,0
f78d6275,0
6f8ef6bf,0
ac71dfa1,0
89ebfdbe,0
23348756,0
7820dafb,0
1ca40f98,0
ccfbd6c4,0
034d15c8,0
c12f217b,0
93d4c94c,0
d6cb93dd,0
8181e0ff,0
0a91078e,0
8d6a837f,0
1122a287,0
f455754c,0
8f70dbe5,0
cc6e0ed6,0
5cfed485,0
5f4f256d,0
135c2b92,0
38a9847f,0
e398f7e7,0
5c5620e7,0
86efd0eb,0
aa3e58e5,0
41db5b7e,0
c0ccc999,0
6e6f5f89,0
63ce1303,0
15e5a74d,0
39a0184b,0
28978dbe,0
6544dfb9,0
6e13b18e,0
9056c31b,0
d364745e,0
90ff77fe,0
b6f2cc55,0
39cc94e9,0
fba55524,0
d588c480,0
b5e62fd2,0
3b4b52d8,0
1d2df70e,0
b6ec2ead,0
205d3a3d,0
0ae22bb3,0
5d96bccd,0
6f98cd09,0
f73b5620,0
faf1aa57,0
5659e392,0
82758363,0
182c8c6d,0
38c51c62,0
feaff7d7,0
57b24d8e,0
39032b2f,0
c132f80d,0
caceb17c,0
4e940efc,0
efe899a3,0
c59aae42,0
e0395ea9,0
8ecafc21,0
a3c48072,0
038cb390,0
05dd4ee6,0
73032a1c,0
a7fbb8c6,0
1fb49ead,0
f5ec4224,0
57bbff13,0
4d95da02,0
d1b664e8,0
43f2c146,0
367212ac,0
02f4593d,0
dfc4a697,0
82c09309,0
ad41df58,0
6190a242,0
5e64e061,0
900cb8de,0
08874257,0
f7cdfee5,0
83c2e8f7,0
d2472c2a,0
6b46c141,0
2de1fd31,0
7913cd29,0
87acc6e4,0
d0f92cf0,0
85aa8cad,0
25a07821,0
ab28d4ab,0
142907c7,0
1433263c,0
80334383,0
ac27e420,0
1c3ef81d,0
72e48171,0
1ddd4289,0
1c8cfbc7,0
98823879,0
d38a2de9,0
8da5b942,0
2bb3671c,0
6e084ba4,0
3d34305d,0
39ca4353,0
17609e8a,0
456e8014,0
ce6ea3c5,0
63f5a3ec,0
128000ac,0
a78d61f7,0
171eebc1,0
3f4d3127,0
93b6fa35,0
26af8d96,0
55bec3ad,0
ee623e68,0
e5a0325d,0
ee9fdb6b,0
c6875426,0
949bc6be,0
9982746f,0
7483ee85,0
f0eed0a3,0
21e14e0d,0
15faa79e,0
10b6e5e0,0
558f330b,0
521cd4b4,0
85fbb4d6,0
fa2239ee,0
840ff538,0
eebdcc25,0
29cb8c2c,0
57f5cad9,0
47ba41a7,0
4429bdcb,0
b58eb6e0,0
969af234,0
45437999,0
40983765,0
9fa147ca,0
3c8740a4,0
6f0835f0,0
eda83ac0,0
60753e2d,0
1fc3494e,0
71801142,0
e08d9b1a,0
91b9fa70,0
0cb39b76,0
147026ab,0
9fce2f2c,0
b32e1ec4,0
2b4c9140,0
ffe8e0aa,0
3ea4b7fa,0
ff8fd838,0
99f644ea,0
0b7f0e81,0
3cb14395,0
03fd3f67,0
c2b43103,0
c6ae0006,0
ee5203b3,0
460109cf,0
6f8b8bf6,0
9627c330,0
c3963485,0
4fdf8d7e,0
a495c3c4,0
fe0ff37d,0
2e27fefb,0
d8fa8344,0
c2a01b3b,0
7d6b29e5,0
1b925d55,0
c2e3f430,0
6f07d116,0
726f5e1f,0
45d0e7bd,0
699a3e03,0
47955fe2,0
3d7c96ef,0
d9306d52,0
366f0715,0
2893448f,0
b79e0d14,0
9eb32e11,0
901002fd,0
320344cc,0
cbec1dee,0
34bfa0bb,0
cc515632,0
28099abf,0
c88898cd,0
e11cc1e8,0
3eca5421,0
22fbded6,0
8392df53,0
